question_id,method,correct,predicted,ground_truth,response_time,raw_output
1,baseline,True,C,C,1.01,C
1,bm25,False,D,C,20.62,D
1,dense,True,C,C,3.32,C
1,hybrid,True,C,C,2.8,C
2,baseline,True,C,C,0.87,C
2,bm25,False,A,C,2.9,A
2,dense,False,A,C,3.22,A)
2,hybrid,False,A,C,3.22,A
3,baseline,True,B,B,1.35,B
3,bm25,True,B,B,2.99,B
3,dense,False,D,B,3.02,D
3,hybrid,True,B,B,3.31,B
4,baseline,True,D,D,0.77,D
4,bm25,True,D,D,3.01,D
4,dense,True,D,D,3.01,D
5,baseline,True,C,C,0.84,C
5,bm25,True,C,C,2.76,C
5,dense,True,C,C,3.36,C
5,hybrid,True,C,C,3.0,C
6,baseline,True,C,C,0.95,C
6,bm25,True,C,C,2.7,C
6,dense,False,D,C,3.08,D
6,hybrid,True,C,C,3.46,C
7,baseline,True,C,C,0.66,C
7,bm25,True,C,C,3.35,C
7,dense,True,C,C,3.08,C
7,hybrid,True,C,C,3.01,C
8,baseline,True,B,B,0.86,B
8,bm25,True,B,B,5.27,B
8,dense,True,B,B,2.9,B
8,hybrid,True,B,B,3.63,B
9,baseline,True,C,C,0.76,C
9,bm25,True,C,C,2.91,C
9,dense,True,C,C,3.52,C
9,hybrid,True,C,C,3.32,C
10,baseline,True,C,C,0.96,C
10,bm25,True,C,C,3.83,C
10,dense,True,C,C,2.9,C
10,hybrid,True,C,C,3.52,C
11,baseline,True,C,C,0.76,C
11,bm25,True,C,C,2.71,C
11,dense,True,C,C,3.21,C
11,hybrid,True,C,C,3.12,C
12,baseline,True,C,C,0.66,C
12,bm25,True,C,C,2.81,C
12,dense,False,A,C,2.91,A
12,hybrid,True,C,C,3.44,C
13,baseline,False,A,C,0.76,A
13,bm25,True,C,C,3.09,C
13,dense,True,C,C,3.0,C
13,hybrid,True,C,C,2.97,C
14,baseline,True,C,C,0.8,C
14,bm25,True,C,C,2.91,C
14,dense,True,C,C,3.03,C
14,hybrid,True,C,C,3.16,C
15,baseline,True,C,C,0.7,C
15,bm25,True,C,C,3.31,C
15,dense,True,C,C,3.12,C
15,hybrid,True,C,C,2.94,C
16,baseline,True,C,C,0.96,C
16,bm25,True,C,C,2.9,C
16,dense,True,C,C,2.95,C
16,hybrid,True,C,C,2.87,C
17,baseline,True,C,C,0.84,C
17,bm25,True,C,C,2.9,C
17,dense,True,C,C,2.96,C
17,hybrid,True,C,C,3.07,C
18,baseline,True,C,C,1.06,C
18,bm25,True,C,C,3.05,C
18,dense,False,B,C,2.97,B
18,hybrid,True,C,C,2.86,C
19,baseline,True,C,C,0.65,C
19,bm25,True,C,C,3.16,C
19,dense,True,C,C,3.1,C
19,hybrid,True,C,C,3.63,C
20,baseline,True,C,C,0.75,C
20,bm25,True,C,C,3.22,C
20,dense,True,C,C,3.6,C
20,hybrid,True,C,C,3.42,C
21,baseline,True,C,C,1.38,C
21,bm25,True,C,C,5.66,C
21,dense,True,C,C,3.03,C
21,hybrid,True,C,C,3.39,C
22,baseline,False,D,C,0.96,D
22,bm25,True,C,C,2.91,C
22,dense,True,C,C,3.02,C
22,hybrid,True,C,C,3.1,C
23,baseline,True,C,C,1.06,C
23,bm25,True,C,C,3.01,C
23,dense,True,C,C,3.21,C
23,hybrid,True,C,C,3.51,C
24,baseline,True,C,C,0.97,C
24,bm25,True,C,C,3.01,C
24,dense,True,C,C,3.0,C
24,hybrid,True,C,C,3.42,C
25,baseline,True,C,C,1.01,C
25,bm25,True,C,C,3.27,C
25,dense,True,C,C,3.52,C
25,hybrid,True,C,C,3.32,C
26,baseline,False,A,C,0.75,A
26,bm25,True,C,C,3.12,C
26,dense,True,C,C,3.52,C
26,hybrid,True,C,C,3.11,C
27,baseline,True,C,C,0.77,C
27,bm25,True,C,C,2.75,C
27,dense,True,C,C,3.16,C
27,hybrid,True,C,C,3.13,C
28,baseline,True,C,C,0.81,C
28,bm25,True,C,C,2.87,C
28,dense,True,C,C,3.89,C
28,hybrid,True,C,C,3.52,C
29,baseline,True,C,C,1.07,C
29,bm25,True,C,C,2.8,C
29,dense,True,C,C,2.93,C
29,hybrid,True,C,C,3.3,C
30,baseline,True,C,C,1.03,C
30,bm25,True,C,C,2.96,C
30,dense,True,C,C,3.19,C
30,hybrid,True,C,C,3.64,C
31,baseline,True,C,C,0.81,C
31,bm25,True,C,C,3.67,C
31,dense,True,C,C,3.22,C
31,hybrid,True,C,C,3.53,C
32,baseline,False,B,C,0.75,B
32,bm25,True,C,C,2.75,C
32,dense,True,C,C,2.77,C
32,hybrid,True,C,C,2.91,C
33,baseline,False,D,C,0.85,D
33,bm25,True,C,C,2.93,C
33,dense,True,C,C,3.08,C
33,hybrid,True,C,C,3.23,C
34,baseline,False,A,C,1.17,A
34,bm25,True,C,C,3.59,C
34,dense,True,C,C,3.26,C
34,hybrid,True,C,C,3.01,C
35,baseline,True,C,C,1.37,C
35,bm25,True,C,C,3.43,C
35,dense,True,C,C,3.11,C
35,hybrid,True,C,C,2.7,C
36,baseline,True,C,C,0.71,C
36,bm25,True,C,C,2.96,C
36,dense,True,C,C,2.91,C
36,hybrid,True,C,C,3.01,C
37,baseline,False,B,C,0.75,B
37,bm25,True,C,C,2.81,C
37,dense,True,C,C,3.63,C
37,hybrid,True,C,C,2.81,C
38,baseline,True,C,C,0.86,C
38,bm25,False,D,C,3.32,D
38,dense,False,D,C,3.11,D
38,hybrid,False,D,C,3.32,D
39,baseline,False,D,C,0.96,D
39,bm25,True,C,C,3.06,C
39,dense,True,C,C,2.74,C
39,hybrid,True,C,C,2.91,C
40,baseline,True,C,C,0.75,C
40,bm25,True,C,C,2.75,C
40,dense,True,C,C,2.76,C
40,hybrid,True,C,C,5.16,C
41,baseline,False,D,C,0.66,D
41,bm25,True,C,C,2.8,C
41,dense,True,C,C,3.01,C
41,hybrid,True,C,C,2.97,C
42,baseline,True,B,B,0.67,B
42,bm25,True,B,B,3.24,B
42,dense,True,B,B,3.83,B
42,hybrid,True,B,B,3.41,B
43,baseline,True,C,C,0.76,C
43,bm25,False,A,C,2.7,A
43,dense,True,C,C,3.22,C
44,baseline,True,C,C,0.96,C
44,bm25,False,A,C,2.99,A
44,dense,False,D,C,3.59,D
44,hybrid,False,B,C,3.13,B
45,baseline,True,C,C,0.67,C
45,bm25,True,C,C,3.05,C
45,dense,True,C,C,3.11,C
45,hybrid,True,C,C,3.12,C
46,baseline,True,C,C,0.75,C
46,bm25,True,C,C,3.07,C
46,dense,True,C,C,3.26,C
46,hybrid,True,C,C,3.52,C
47,baseline,True,B,B,0.74,B
47,bm25,True,B,B,5.31,B
47,dense,True,B,B,3.17,B
47,hybrid,True,B,B,3.01,B
48,baseline,True,B,B,0.75,B
48,bm25,True,B,B,3.2,B
48,dense,True,B,B,3.23,B
48,hybrid,True,B,B,3.02,B
49,baseline,True,C,C,0.96,C
49,bm25,True,C,C,2.74,C
49,dense,True,C,C,3.27,C
49,hybrid,True,C,C,3.26,C
50,baseline,True,C,C,0.7,C
50,bm25,False,B,C,2.61,B
50,dense,True,C,C,4.13,C
50,hybrid,True,C,C,3.12,C
51,baseline,True,C,C,0.76,C
51,bm25,True,C,C,3.41,C
51,dense,True,C,C,2.9,C
51,hybrid,True,C,C,3.22,C
52,baseline,True,C,C,0.96,C
52,bm25,True,C,C,2.8,C
52,dense,True,C,C,3.42,C
52,hybrid,True,C,C,3.24,C
53,baseline,True,C,C,0.85,C
53,bm25,True,C,C,3.39,C
53,dense,True,C,C,3.52,C
53,hybrid,True,C,C,3.01,C
54,baseline,False,B,C,0.85,B
54,bm25,True,C,C,3.32,C
54,dense,True,C,C,3.17,C
54,hybrid,True,C,C,3.56,C
55,baseline,True,C,C,0.76,C
55,bm25,True,C,C,2.8,C
55,dense,True,C,C,3.22,C
55,hybrid,True,C,C,3.06,C
56,baseline,True,C,C,1.32,C
56,bm25,True,C,C,3.07,C
56,dense,True,C,C,3.36,C
56,hybrid,True,C,C,3.22,C
57,baseline,False,B,C,2.09,B
57,bm25,True,C,C,3.22,C
57,dense,True,C,C,3.11,C)
57,hybrid,True,C,C,3.52,C
58,baseline,True,C,C,2.29,C
58,bm25,True,C,C,4.13,C
58,dense,True,C,C,3.2,C
58,hybrid,True,C,C,2.8,C
59,baseline,True,C,C,1.17,C
59,bm25,True,C,C,3.01,C
59,dense,True,C,C,4.03,C
59,hybrid,True,C,C,3.22,C
60,baseline,True,C,C,0.76,C
60,bm25,True,C,C,3.22,C
60,dense,True,C,C,4.13,C
60,hybrid,True,C,C,3.22,C
61,baseline,True,C,C,0.76,C
61,bm25,True,C,C,3.12,C
61,dense,True,C,C,3.11,C
61,hybrid,True,C,C,3.11,C
62,baseline,True,C,C,0.76,C
62,bm25,True,C,C,3.22,C
62,dense,True,C,C,2.79,C
62,hybrid,True,C,C,3.03,C
63,baseline,True,C,C,0.76,C
63,bm25,True,C,C,3.51,C
63,dense,True,C,C,3.09,C
63,hybrid,True,C,C,3.34,C
64,baseline,False,B,C,0.89,B
64,bm25,False,B,C,2.88,B
64,dense,False,B,C,2.76,B
64,hybrid,True,C,C,3.26,C
65,baseline,True,C,C,1.04,C
65,bm25,True,C,C,2.81,C
65,dense,True,C,C,3.01,C
65,hybrid,True,C,C,3.11,C
66,baseline,True,C,C,0.86,C
66,bm25,True,C,C,2.91,C
66,dense,True,C,C,3.83,C
66,hybrid,True,C,C,2.91,C
67,baseline,True,C,C,0.98,C
67,bm25,True,C,C,3.92,C
67,dense,True,C,C,3.63,C
67,hybrid,True,C,C,3.42,C
68,baseline,True,C,C,1.06,C
68,bm25,False,B,C,2.94,B
68,dense,True,C,C,3.13,C
68,hybrid,True,C,C,3.28,C
69,baseline,True,C,C,1.06,C
69,bm25,False,T,C,4.56,"The provided context does not explicitly state the data mix and scale used for the continual pre-training corpus. However, it mentions using Wikipedia and CommonCrawl dumps to create a retrieval corpus. It also states that more data points are allocated to longer-context examples to encourage the model to focus on learning more difficult tasks.

Given the options, and the mention of Wikipedia and CommonCrawl, option A seems the most plausible, even though the token count isn't directly stated in the context.

A"
69,dense,False,D,C,3.1,D
69,hybrid,False,D,C,3.22,D
70,baseline,True,C,C,1.06,C
70,bm25,True,C,C,3.31,C
70,dense,True,C,C,3.27,C
70,hybrid,True,C,C,3.37,C
